Workbook

Sheet Projection
A1: Projection 2027–2031
A2: Cumulative values at year end. Database = application tables (proportional to files) + Spring Batch (proportional to time, no purge) + fixed tables.
A4: Year | B4: Files in year | C4: Cumulative files | D4: Annual PDF volume – COS (GB) | E4: Cumulative PDF volume – COS (GB) | F4: Annual extraction JSON – COS (GB) | G4: Cumulative extraction JSON – COS (GB) | H4: Total cumulative COS (GB) | I4: Application data (MB) | J4: Application indexes (MB) | K4: Spring Batch without purge (MB) | L4: Fixed tables (MB) | M4: Total database size (MB) | N4: Total database size (GB)
A5: =Parameters!$B$7 -> 2027 | B5: =Parameters!$B$5 -> 225000 | C5: =B5 -> 225000 | D5: =B5*Parameters!$B$8/1024 -> 439.45312 | E5: =D5 -> 439.45312 | F5: =B5*Parameters!$B$9/1024/1024 -> 6.4373016 | G5: =F5 -> 6.4373016 | H5: =E5+G5 -> 445.89043 | I5: =C5*Tables!$N$25/1048576 -> 2223.6026 | J5: =C5*Tables!$O$25/1048576 -> 1546.4674 | K5: =(A5-Parameters!$B$7+1)*(Tables!$N$26+Tables!$O$26)/1048576 -> 58.945312 | L5: =(Tables!$N$27+Tables!$O$27)/1048576 -> 0.0390625 | M5: =I5+J5+K5+L5 -> 3829.0545 | N5: =M5/1024 -> 3.739311
A6: =A5+1 -> 2028 | B6: =B5*(1+Parameters!$B$6) -> 225000 | C6: =C5+B6 -> 450000 | D6: =B6*Parameters!$B$8/1024 -> 439.45312 | E6: =E5+D6 -> 878.90625 | F6: =B6*Parameters!$B$9/1024/1024 -> 6.4373016 | G6: =G5+F6 -> 12.874603 | H6: =E6+G6 -> 891.78085 | I6: =C6*Tables!$N$25/1048576 -> 4447.2053 | J6: =C6*Tables!$O$25/1048576 -> 3092.9349 | K6: =(A6-Parameters!$B$7+1)*(Tables!$N$26+Tables!$O$26)/1048576 -> 117.89062 | L6: =(Tables!$N$27+Tables!$O$27)/1048576 -> 0.0390625 | M6: =I6+J6+K6+L6 -> 7658.0698 | N6: =M6/1024 -> 7.4785838
A7: =A6+1 -> 2029 | B7: =B6*(1+Parameters!$B$6) -> 225000 | C7: =C6+B7 -> 675000 | D7: =B7*Parameters!$B$8/1024 -> 439.45312 | E7: =E6+D7 -> 1318.3594 | F7: =B7*Parameters!$B$9/1024/1024 -> 6.4373016 | G7: =G6+F7 -> 19.311905 | H7: =E7+G7 -> 1337.6713 | I7: =C7*Tables!$N$25/1048576 -> 6670.8079 | J7: =C7*Tables!$O$25/1048576 -> 4639.4023 | K7: =(A7-Parameters!$B$7+1)*(Tables!$N$26+Tables!$O$26)/1048576 -> 176.83594 | L7: =(Tables!$N$27+Tables!$O$27)/1048576 -> 0.0390625 | M7: =I7+J7+K7+L7 -> 11487.085 | N7: =M7/1024 -> 11.217857
A8: =A7+1 -> 2030 | B8: =B7*(1+Parameters!$B$6) -> 225000 | C8: =C7+B8 -> 900000 | D8: =B8*Parameters!$B$8/1024 -> 439.45312 | E8: =E7+D8 -> 1757.8125 | F8: =B8*Parameters!$B$9/1024/1024 -> 6.4373016 | G8: =G7+F8 -> 25.749207 | H8: =E8+G8 -> 1783.5617 | I8: =C8*Tables!$N$25/1048576 -> 8894.4106 | J8: =C8*Tables!$O$25/1048576 -> 6185.8697 | K8: =(A8-Parameters!$B$7+1)*(Tables!$N$26+Tables!$O$26)/1048576 -> 235.78125 | L8: =(Tables!$N$27+Tables!$O$27)/1048576 -> 0.0390625 | M8: =I8+J8+K8+L8 -> 15316.101 | N8: =M8/1024 -> 14.95713
A9: =A8+1 -> 2031 | B9: =B8*(1+Parameters!$B$6) -> 225000 | C9: =C8+B9 -> 1125000 | D9: =B9*Parameters!$B$8/1024 -> 439.45312 | E9: =E8+D9 -> 2197.2656 | F9: =B9*Parameters!$B$9/1024/1024 -> 6.4373016 | G9: =G8+F9 -> 32.186508 | H9: =E9+G9 -> 2229.4521 | I9: =C9*Tables!$N$25/1048576 -> 11118.013 | J9: =C9*Tables!$O$25/1048576 -> 7732.3372 | K9: =(A9-Parameters!$B$7+1)*(Tables!$N$26+Tables!$O$26)/1048576 -> 294.72656 | L9: =(Tables!$N$27+Tables!$O$27)/1048576 -> 0.0390625 | M9: =I9+J9+K9+L9 -> 19145.116 | N9: =M9/1024 -> 18.696402

Sheet Parameters
A1: Projection parameters
A2: Yellow cells with blue text: editable assumptions. Everything else is calculated.
A4: Parameter | B4: Value | C4: Unit | D4: Source / comment
A5: PDF files per year (year 1) | B5: 225000 | C5: files | D5: Agreed assumption: 225,000 files per year
A6: Annual growth in number of files | B6: 0 | C6: % | D6: 0% = constant 225,000 files/year. Set to 10% to reproduce the previous scenario
A7: First projection year | B7: 2027 | C7: year | D7: Assumption
A8: Average PDF size | B8: 2 | C8: MB | D8: Agreed assumption (to be confirmed: SELECT avg(size)/1048576 FROM metadata)
A9: Average size of an extraction JSON (COS) | B9: 30 | C9: KB | D9: ASSUMPTION
A10: Files represented by current data | B10: 99 | C10: files | D10: Equals the metadata row count (1 row per PDF) in dev database on 30/10/2026
A11: Period covered by current Spring Batch data | B11: 12 | C11: months | D11: TO BE CONFIRMED: SELECT min(create_time), max(create_time) FROM batch_job_execution
A12: Disk overhead factor (estimated tables) | B12: 1.2 | C12: x | D12: Page headers, free space, dead tuples. Calibrated on batch tables (1.07 to 1.25)
A13: Row pointer (item pointer) | B13: 4 | C13: bytes | D13: PostgreSQL constant
A14: Bytes per B-tree index entry (estimate) | B14: 27 | C14: bytes | D14: Average measured on single-index batch tables (25.8 to 26.7 bytes/row)
A15: Row threshold for using actual measurement | B15: 5000 | C15: rows | D15: Above: measured disk size / rows. Below: estimate (minimum 8 KB pages distort the measurement)

Sheet Tables
A1: Per-table measurements (schema own_87643_datacapture, dev database, 30/10/2026)
A2: Unit: 1 file for "Per file", 1 year for "Per year". Tables excluded on request: users, role, permission, role_permission, norm, users_photo (and users_role, same scope).
A4: Table | B4: Include | C4: Growth driver | D4: Current rows | E4: Avg row size (bytes) | F4: Max row size (bytes) | G4: Index count | H4: Current data on disk (bytes) | I4: Current indexes (bytes) | J4: Rows per unit | K4: Data per row on disk (bytes) | L4: Index per row (bytes) | M4: Calculation mode | N4: Data per unit (bytes) | O4: Index per unit (bytes)
A5: metadata | B5: Yes | C5: Per file | D5: 99 | E5: 77 | F5: 80 | G5: 4 | H5: 16384 | I5: 65536 | J5: =D5/Parameters!$B$10 -> 1 | K5: =IF(D5>=Parameters!$B$15,H5/D5,(E5+Parameters!$B$13)*Parameters!$B$12) -> 97.2 | L5: =IF(D5>=Parameters!$B$15,I5/D5,G5*Parameters!$B$14) -> 108 | M5: =IF(D5>=Parameters!$B$15,"Measured","Estimated") -> Estimated | N5: =IF(B5="Yes",J5*K5,0) -> 97.2 | O5: =IF(B5="Yes",J5*L5,0) -> 108
A6: submissions | B6: Yes | C6: Per file | D6: 127 | E6: 245 | F6: 264 | G6: 6 | H6: 49152 | I6: 98304 | J6: =D6/Parameters!$B$10 -> 1.2828283 | K6: =IF(D6>=Parameters!$B$15,H6/D6,(E6+Parameters!$B$13)*Parameters!$B$12) -> 298.8 | L6: =IF(D6>=Parameters!$B$15,I6/D6,G6*Parameters!$B$14) -> 162 | M6: =IF(D6>=Parameters!$B$15,"Measured","Estimated") -> Estimated | N6: =IF(B6="Yes",J6*K6,0) -> 383.30909 | O6: =IF(B6="Yes",J6*L6,0) -> 207.81818
A7: extraction_steps | B7: Yes | C7: Per file | D7: 2551 | E7: 85 | F7: 133 | G7: 2 | H7: 262144 | I7: 155648 | J7: =D7/Parameters!$B$10 -> 25.767677 | K7: =IF(D7>=Parameters!$B$15,H7/D7,(E7+Parameters!$B$13)*Parameters!$B$12) -> 106.8 | L7: =IF(D7>=Parameters!$B$15,I7/D7,G7*Parameters!$B$14) -> 54 | M7: =IF(D7>=Parameters!$B$15,"Measured","Estimated") -> Estimated | N7: =IF(B7="Yes",J7*K7,0) -> 2751.9879 | O7: =IF(B7="Yes",J7*L7,0) -> 1391.4545
A8: preprocessing_steps | B8: Yes | C8: Per file | D8: 141 | E8: 101 | F8: 194 | G8: 1 | H8: 16384 | I8: 16384 | J8: =D8/Parameters!$B$10 -> 1.4242424 | K8: =IF(D8>=Parameters!$B$15,H8/D8,(E8+Parameters!$B$13)*Parameters!$B$12) -> 126 | L8: =IF(D8>=Parameters!$B$15,I8/D8,G8*Parameters!$B$14) -> 27 | M8: =IF(D8>=Parameters!$B$15,"Measured","Estimated") -> Estimated | N8: =IF(B8="Yes",J8*K8,0) -> 179.45455 | O8: =IF(B8="Yes",J8*L8,0) -> 38.454545
A9: submission_status_history | B9: Yes | C9: Per file | D9: 7266 | E9: 65 | F9: 88 | G9: 4 | H9: 688128 | I9: 540672 | J9: =D9/Parameters!$B$10 -> 73.393939 | K9: =IF(D9>=Parameters!$B$15,H9/D9,(E9+Parameters!$B$13)*Parameters!$B$12) -> 94.705202 | L9: =IF(D9>=Parameters!$B$15,I9/D9,G9*Parameters!$B$14) -> 74.41123 | M9: =IF(D9>=Parameters!$B$15,"Measured","Estimated") -> Measured | N9: =IF(B9="Yes",J9*K9,0) -> 6950.7879 | O9: =IF(B9="Yes",J9*L9,0) -> 5461.3333
A10: batch_job_instance | B10: Yes | C10: Per year | D10: 21116 | E10: 104 | F10: 104 | G10: 2 | H10: 2580480 | I10: 3227648 | J10: =D10*12/Parameters!$B$11 -> 21116 | K10: =IF(D10>=Parameters!$B$15,H10/D10,(E10+Parameters!$B$13)*Parameters!$B$12) -> 122.20496 | L10: =IF(D10>=Parameters!$B$15,I10/D10,G10*Parameters!$B$14) -> 152.85319 | M10: =IF(D10>=Parameters!$B$15,"Measured","Estimated") -> Measured | N10: =IF(B10="Yes",J10*K10,0) -> 2580480 | O10: =IF(B10="Yes",J10*L10,0) -> 3227648
A11: batch_job_execution | B11: Yes | C11: Per year | D11: 23438 | E11: 424 | F11: 1000 | G11: 1 | H11: 10739712 | I11: 614400 | J11: =D11*12/Parameters!$B$11 -> 23438 | K11: =IF(D11>=Parameters!$B$15,H11/D11,(E11+Parameters!$B$13)*Parameters!$B$12) -> 458.21794 | L11: =IF(D11>=Parameters!$B$15,I11/D11,G11*Parameters!$B$14) -> 26.213841 | M11: =IF(D11>=Parameters!$B$15,"Measured","Estimated") -> Measured | N11: =IF(B11="Yes",J11*K11,0) -> 10739712 | O11: =IF(B11="Yes",J11*L11,0) -> 614400
A12: batch_job_execution_params | B12: Yes | C12: Per year | D12: 46210 | E12: 69 | F12: 73 | G12: 0 | H12: 3866624 | I12: 0 | J12: =D12*12/Parameters!$B$11 -> 46210 | K12: =IF(D12>=Parameters!$B$15,H12/D12,(E12+Parameters!$B$13)*Parameters!$B$12) -> 83.675049 | L12: =IF(D12>=Parameters!$B$15,I12/D12,G12*Parameters!$B$14) -> 0 | M12: =IF(D12>=Parameters!$B$15,"Measured","Estimated") -> Measured | N12: =IF(B12="Yes",J12*K12,0) -> 3866624 | O12: =IF(B12="Yes",J12*L12,0) -> 0
A13: batch_job_execution_context | B13: Yes | C13: Per year | D13: 22894 | E13: 280 | F13: 396 | G13: 1 | H13: 8101888 | I13: 589824 | J13: =D13*12/Parameters!$B$11 -> 22894 | K13: =IF(D13>=Parameters!$B$15,H13/D13,(E13+Parameters!$B$13)*Parameters!$B$12) -> 353.88696 | L13: =IF(D13>=Parameters!$B$15,I13/D13,G13*Parameters!$B$14) -> 25.763257 | M13: =IF(D13>=Parameters!$B$15,"Measured","Estimated") -> Measured | N13: =IF(B13="Yes",J13*K13,0) -> 8101888 | O13: =IF(B13="Yes",J13*L13,0) -> 589824
A14: batch_step_execution | B14: Yes | C14: Per year | D14: 34948 | E14: 416 | F14: 1088 | G14: 1 | H14: 16146432 | I14: 933888 | J14: =D14*12/Parameters!$B$11 -> 34948 | K14: =IF(D14>=Parameters!$B$15,H14/D14,(E14+Parameters!$B$13)*Parameters!$B$12) -> 462.01305 | L14: =IF(D14>=Parameters!$B$15,I14/D14,G14*Parameters!$B$14) -> 26.722216 | M14: =IF(D14>=Parameters!$B$15,"Measured","Estimated") -> Measured | N14: =IF(B14="Yes",J14*K14,0) -> 16146432 | O14: =IF(B14="Yes",J14*L14,0) -> 933888
A15: batch_step_execution_context | B15: Yes | C15: Per year | D15: 34573 | E15: 336 | F15: 336 | G15: 1 | H15: 14098432 | I15: 909312 | J15: =D15*12/Parameters!$B$11 -> 34573 | K15: =IF(D15>=Parameters!$B$15,H15/D15,(E15+Parameters!$B$13)*Parameters!$B$12) -> 407.78735 | L15: =IF(D15>=Parameters!$B$15,I15/D15,G15*Parameters!$B$14) -> 26.301218 | M15: =IF(D15>=Parameters!$B$15,"Measured","Estimated") -> Measured | N15: =IF(B15="Yes",J15*K15,0) -> 14098432 | O15: =IF(B15="Yes",J15*L15,0) -> 909312
A16: flyway_schema_history | B16: Yes | C16: Fixed | D16: n/a | E16: 147 | F16: 213 | G16: 2 | H16: 8192 | I16: 32768 | J16: n/a | K16: n/a | L16: n/a | M16: Measured | N16: =IF(B16="Yes",H16,0) -> 8192 | O16: =IF(B16="Yes",I16,0) -> 32768
A17: users | B17: No | C17: Fixed | D17: n/a | E17: 101 | F17: 103 | G17: 1 | H17: 8192 | I17: 16384 | J17: n/a | K17: n/a | L17: n/a | M17: Measured | N17: =IF(B17="Yes",H17,0) -> 0 | O17: =IF(B17="Yes",I17,0) -> 0
A18: users_role | B18: No | C18: Fixed | D18: n/a | E18: 39 | F18: 40 | G18: 1 | H18: 8192 | I18: 16384 | J18: n/a | K18: n/a | L18: n/a | M18: Measured | N18: =IF(B18="Yes",H18,0) -> 0 | O18: =IF(B18="Yes",I18,0) -> 0
A19: role | B19: No | C19: Fixed | D19: n/a | E19: 37 | F19: 37 | G19: 1 | H19: 8192 | I19: 16384 | J19: n/a | K19: n/a | L19: n/a | M19: Measured | N19: =IF(B19="Yes",H19,0) -> 0 | O19: =IF(B19="Yes",I19,0) -> 0
A20: permission | B20: No | C20: Fixed | D20: n/a | E20: 37 | F20: 41 | G20: 1 | H20: 8192 | I20: 16384 | J20: n/a | K20: n/a | L20: n/a | M20: Measured | N20: =IF(B20="Yes",H20,0) -> 0 | O20: =IF(B20="Yes",I20,0) -> 0
A21: role_permission | B21: No | C21: Fixed | D21: n/a | E21: 39 | F21: 40 | G21: 1 | H21: 8192 | I21: 16384 | J21: n/a | K21: n/a | L21: n/a | M21: Measured | N21: =IF(B21="Yes",H21,0) -> 0 | O21: =IF(B21="Yes",I21,0) -> 0
A22: norm | B22: No | C22: Fixed | D22: n/a | E22: n/a | F22: n/a | G22: 1 | H22: 0 | I22: 8192 | J22: n/a | K22: n/a | L22: n/a | M22: Measured | N22: =IF(B22="Yes",H22,0) -> 0 | O22: =IF(B22="Yes",I22,0) -> 0
A23: users_photo | B23: No | C23: Fixed | D23: n/a | E23: n/a | F23: n/a | G23: 1 | H23: 0 | I23: 8192 | J23: n/a | K23: n/a | L23: n/a | M23: Measured | N23: =IF(B23="Yes",H23,0) -> 0 | O23: =IF(B23="Yes",I23,0) -> 0
A25: Total per file (included tables) | N25: =SUMIFS(N5:N23,C5:C23,"Per file") -> 10362.739 | O25: =SUMIFS(O5:O23,C5:C23,"Per file") -> 7207.0606
A26: Total per year – Spring Batch (included tables) | N26: =SUMIFS(N5:N23,C5:C23,"Per year") -> 55533568 | O26: =SUMIFS(O5:O23,C5:C23,"Per year") -> 6275072
A27: Total fixed tables (included tables) | N27: =SUMIFS(N5:N23,C5:C23,"Fixed") -> 8192 | O27: =SUMIFS(O5:O23,C5:C23,"Fixed") -> 32768

Sheet Method
A1: Calculation method
A3: 1. Row size
A5: The actual size of each row is measured with pg_column_size, which includes the row header (≈ 24 bytes) and compressed TOAST data. The result (average and maximum) is reported in the Tables sheet.
A6: SELECT c.relname, c.reltuples::bigint AS row_count, (xpath('/row/v/text()', query_to_xml(format('SELECT round(avg(pg_column_size(t.*))) AS v FROM %I.%I t', n.nspname, c.relname), false, true, '')))[1]::text::numeric AS avg_row_bytes, (xpath('/row/m/text()', query_to_xml(format('SELECT max(pg_column_size(t.*)) AS m FROM %I.%I t', n.nspname, c.relname), false, true, '')))[1]::text::numeric AS max_row_bytes FROM pg_class c JOIN pg_namespace n ON n.oid = c.relnamespace WHERE c.relkind IN ('r','p') AND n.nspname = 'own_87643_datacapture' ORDER BY avg_row_bytes DESC NULLS LAST;
A7: Disk usage per row: if the table has enough rows (threshold parameter), the actual measurement pg_relation_size / row count is used. Otherwise: (average size + 4-byte pointer) × overhead factor.
A8: 2. Index size
A10: The exact allocated size of each index is measured with pg_relation_size (detail) and pg_indexes_size (total per table).
A11: SELECT c.relname, count(x.indexrelid) AS nb_index, pg_indexes_size(c.oid) AS index_bytes, pg_size_pretty(pg_indexes_size(c.oid)) AS index_size, pg_relation_size(c.oid) AS data_bytes, round(100.0 * pg_indexes_size(c.oid) / nullif(pg_relation_size(c.oid), 0), 1) AS index_pct_of_data FROM pg_class c JOIN pg_namespace n ON n.oid = c.relnamespace LEFT JOIN pg_index x ON x.indrelid = c.oid WHERE c.relkind IN ('r','p') AND n.nspname = 'own_87643_datacapture' GROUP BY c.oid, c.relname ORDER BY index_bytes DESC;
A12: Index per row: actual measurement (index size / rows) above the threshold, otherwise index count × bytes per B-tree entry. A B-tree index takes at least 16 KB, which distorts the measurement on small tables.
A13: 3. Projection
A15: Application tables (metadata, submissions, extraction_steps, preprocessing_steps, submission_status_history): rows per file = current rows / files represented (metadata rows). Volume = cumulative files × bytes per file.
A16: Spring Batch tables: growth proportional to time. Rows per year = current rows × 12 / period covered (months). Cumulative volume without purge = elapsed years × bytes per year.
... A23: • No Spring Batch purge is modelled.
